{"fx": 605.68896484375, "fy": 605.5736694335938, "ppx": 329.8467712402344, "ppy": 254.8546905517578, "height": 480, "width": 640, "depth_scale": 0.0010000000474974513}