{"x": 579, "y": 153, "distance": 0.0, "camera_coordinate": [0.0, -0.0, 0.0]}
{"x": 327, "y": 31, "distance": 0.4360000193119049, "camera_coordinate": [-0.0020492239855229855, -0.1611705720424652, 0.4360000193119049]}
{"x": 197, "y": 64, "distance": 0.4520000219345093, "camera_coordinate": [-0.09913791716098785, -0.1424538940191269, 0.4520000219345093]}
{"x": 609, "y": 202, "distance": 0.4350000321865082, "camera_coordinate": [0.20048518478870392, -0.03796695917844772, 0.4350000321865082]}
{"x": 595, "y": 40, "distance": 0.367000013589859, "camera_coordinate": [0.16066205501556396, -0.13020987808704376, 0.367000013589859]}
{"x": 531, "y": 157, "distance": 0.4700000286102295, "camera_coordinate": [0.15609005093574524, -0.0759473368525505, 0.4700000286102295]}
{"x": 213, "y": 107, "distance": 0.49000000953674316, "camera_coordinate": [-0.09452857822179794, -0.1196366399526596, 0.49000000953674316]}
{"x": 481, "y": 77, "distance": 0.44200003147125244, "camera_coordinate": [0.11030369251966476, -0.12981373071670532, 0.44200003147125244]}
{"x": 559, "y": 167, "distance": 0.45100003480911255, "camera_coordinate": [0.17062902450561523, -0.06542964279651642, 0.45100003480911255]}
{"x": 76, "y": 95, "distance": 0.4280000329017639, "camera_coordinate": [-0.17937658727169037, -0.11298015713691711, 0.4280000329017639]}
{"x": 166, "y": 62, "distance": 0.47600001096725464, "camera_coordinate": [-0.12876421213150024, -0.15158987045288086, 0.47600001096725464]}
{"x": 156, "y": 468, "distance": 0.0, "camera_coordinate": [-0.0, 0.0, 0.0]}
