{"x": 0.25925885822818234, "y": 0.08242287941035333, "z": -0.062009156825596434}