{"x": 210, "y": 138, "distance": 0.4230000078678131, "camera_coordinate": [-0.08369838446378708, -0.08162430673837662, 0.4230000078678131]}
{"x": 271, "y": 129, "distance": 0.42900002002716064, "camera_coordinate": [-0.04168024659156799, -0.08915787935256958, 0.42900002002716064]}
{"x": 373, "y": 131, "distance": 0.4360000193119049, "camera_coordinate": [0.031063484027981758, -0.08917271345853806, 0.4360000193119049]}
{"x": 486, "y": 156, "distance": 0.42500001192092896, "camera_coordinate": [0.10956964641809464, -0.069377601146698, 0.42500001192092896]}
{"x": 579, "y": 193, "distance": 0.40400001406669617, "camera_coordinate": [0.16618745028972626, -0.041265491396188736, 0.40400001406669617]}
{"x": 415, "y": 237, "distance": 0.492000013589859, "camera_coordinate": [0.06916981190443039, -0.014506092295050621, 0.492000013589859]}
{"x": 43, "y": 315, "distance": 0.4220000207424164, "camera_coordinate": [-0.19985397160053253, 0.041912853717803955, 0.4220000207424164]}
{"x": 194, "y": 241, "distance": 0.47700002789497375, "camera_coordinate": [-0.10698381066322327, -0.010913102887570858, 0.47700002789497375]}
{"x": 337, "y": 223, "distance": 0.4960000216960907, "camera_coordinate": [0.005857795011252165, -0.026090843603014946, 0.4960000216960907]}
{"x": 485, "y": 259, "distance": 0.4790000319480896, "camera_coordinate": [0.12270060181617737, 0.003278879914432764, 0.4790000319480896]}
{"x": 623, "y": 350, "distance": 0.4320000112056732, "camera_coordinate": [0.20908783376216888, 0.06787411123514175, 0.4320000112056732]}
{"x": 518, "y": 70, "distance": 0.3750000298023224, "camera_coordinate": [0.11649125069379807, -0.11447082459926605, 0.3750000298023224]}
{"x": 363, "y": 43, "distance": 0.3850000202655792, "camera_coordinate": [0.021073510870337486, -0.13468891382217407, 0.3850000202655792]}
{"x": 209, "y": 46, "distance": 0.37300002574920654, "camera_coordinate": [-0.07442078739404678, -0.1286429911851883, 0.37300002574920654]}
{"x": 50, "y": 85, "distance": 0.3400000035762787, "camera_coordinate": [-0.15709036588668823, -0.09536510705947876, 0.3400000035762787]}
{"x": 81, "y": 213, "distance": 0.46700000762939453, "camera_coordinate": [-0.19186653196811676, -0.03227706626057625, 0.46700000762939453]}
{"x": 204, "y": 172, "distance": 0.5010000467300415, "camera_coordinate": [-0.10409507155418396, -0.06854691356420517, 0.5010000467300415]}
{"x": 303, "y": 163, "distance": 0.5170000195503235, "camera_coordinate": [-0.022915691137313843, -0.07841965556144714, 0.5170000195503235]}
{"x": 458, "y": 183, "distance": 0.5120000243186951, "camera_coordinate": [0.10833027958869934, -0.06075165420770645, 0.5120000243186951]}
{"x": 612, "y": 253, "distance": 0.4660000205039978, "camera_coordinate": [0.2170807421207428, -0.0014272183179855347, 0.4660000205039978]}
{"x": 595, "y": 62, "distance": 0.36100003123283386, "camera_coordinate": [0.15803544223308563, -0.11496627330780029, 0.36100003123283386]}
{"x": 471, "y": 27, "distance": 0.3790000081062317, "camera_coordinate": [0.08832433074712753, -0.14260350167751312, 0.3790000081062317]}
{"x": 175, "y": 24, "distance": 0.367000013589859, "camera_coordinate": [-0.09382500499486923, -0.13990646600723267, 0.367000013589859]}
{"x": 12, "y": 60, "distance": 0.3320000171661377, "camera_coordinate": [-0.17422330379486084, -0.10682723671197891, 0.3320000171661377]}
{"x": 114, "y": 107, "distance": 0.45100003480911255, "camera_coordinate": [-0.16072094440460205, -0.11011454463005066, 0.45100003480911255]}
{"x": 243, "y": 81, "distance": 0.48100003600120544, "camera_coordinate": [-0.06896823644638062, -0.13809072971343994, 0.48100003600120544]}
{"x": 383, "y": 88, "distance": 0.49000000953674316, "camera_coordinate": [0.043000753968954086, -0.1350104957818985, 0.49000000953674316]}
{"x": 486, "y": 107, "distance": 0.4780000150203705, "camera_coordinate": [0.1232336238026619, -0.11670676618814468, 0.4780000150203705]}
{"x": 613, "y": 153, "distance": 0.4480000138282776, "camera_coordinate": [0.20943529903888702, -0.0753515362739563, 0.4480000138282776]}
