{"y": 0.059746749703588654, "x": 0.36136555859710395, "z": 0.1412375721839044}
{"y": 0.013149525059170436, "x": 0.3677431562521162, "z": 0.14123757218390437}
{"y": -0.06621722015180226, "x": 0.3598121360812321, "z": 0.14123757218390437}
{"y": -0.14776591359791688, "x": 0.3240036401801357, "z": 0.14123757218390437}
{"y": -0.20116022982523213, "x": 0.2780666655587547, "z": 0.14123757218390437}
{"y": -0.10933228965603502, "x": 0.330523234878859, "z": 0.0434927788123408}
{"y": 0.18711943805485448, "x": 0.27400756343485255, "z": 0.043492778812340795}
{"y": 0.08270347943044831, "x": 0.3412819725727835, "z": 0.043492778812340795}
{"y": -0.041073761886510254, "x": 0.35166142690693913, "z": 0.043492778812340815}
{"y": -0.1622766346761805, "x": 0.29717385236741767, "z": 0.04349277881234079}
{"y": -0.23489907936620893, "x": 0.20182039980336175, "z": 0.043492778812340795}
{"y": -0.14426645922575349, "x": 0.31865776491676895, "z": 0.20882661607485065}
{"y": -0.05119532977175039, "x": 0.3566516878867153, "z": 0.20882661607485067}
{"y": 0.04933149283857483, "x": 0.35701398108596816, "z": 0.20882661607485065}
{"y": 0.14267405713495776, "x": 0.3196918829259553, "z": 0.2088266160748507}
{"y": 0.17079051207703846, "x": 0.3633319810688178, "z": 0.06777362665181211}
{"y": 0.02635061960280679, "x": 0.41248478570879815, "z": 0.0677736266518121}
{"y": -0.017638852372399844, "x": 0.4130939718176145, "z": 0.0677736266518121}
{"y": -0.15865250464846628, "x": 0.3707701615874952, "z": 0.0677736266518121}
{"y": -0.258959997375175, "x": 0.27818769883588984, "z": 0.06777362665181211}
{"y": -0.18769858477324552, "x": 0.30520561868104334, "z": 0.21918491720194028}
{"y": -0.11898908227046037, "x": 0.3510403976221531, "z": 0.21918491720194028}
{"y": 0.07133961017414055, "x": 0.3683833871437116, "z": 0.21918491720194033}
{"y": 0.15942836503832375, "x": 0.3276927668302918, "z": 0.2191849172019403}
{"y": 0.1299532681434801, "x": 0.407495537483491, "z": 0.13423734466387355}
{"y": 0.028030775964694634, "x": 0.4325177518897711, "z": 0.13423734466387355}
{"y": -0.08798599108156203, "x": 0.4219460298304874, "z": 0.13423734466387355}
{"y": -0.16876663848152423, "x": 0.3881439048863756, "z": 0.13423734466387355}
{"y": -0.25008875443668666, "x": 0.3218037279021111, "z": 0.13423734466387355}
